session,variant,alignment,skipped_leading_rows,manual_jump_index,algorithm_jump_index,manual_contact_time_s,algorithm_contact_time_s,contact_error_s,manual_air_time_s,algorithm_air_time_s,air_error_s,algorithm_touch_start_s,algorithm_lift_s,algorithm_landing_s
20260624_1_10次纵跳,current,trimmed_first_real_jump,0,1,1,0.210000000,0.284889700,0.074889700,0.380000000,0.461997800,0.081997800,4.912752400,5.197642100,4.912752400
20260624_1_10次纵跳,current,trimmed_first_real_jump,0,2,2,0.390000000,0.304903200,-0.085096800,0.370000000,0.448161400,0.078161400,5.645803500,5.950706700,5.645803500
20260624_1_10次纵跳,current,trimmed_first_real_jump,0,3,3,0.410000000,0.365931800,-0.044068200,0.390000000,0.461039900,0.071039900,6.411746600,6.777678400,6.411746600
20260624_1_10次纵跳,current,trimmed_first_real_jump,0,4,4,0.370000000,0.291593700,-0.078406300,0.370000000,0.443408100,0.073408100,7.221086500,7.512680200,7.221086500
20260624_1_10次纵跳,current,trimmed_first_real_jump,0,5,5,0.350000000,0.232638400,-0.117361600,0.390000000,0.473343900,0.083343900,7.986024100,8.218662500,7.986024100
20260624_1_10次纵跳,current,trimmed_first_real_jump,0,6,6,0.360000000,0.319623200,-0.040376800,0.370000000,0.453987100,0.083987100,8.672649600,8.992272800,8.672649600
20260624_1_10次纵跳,current,trimmed_first_real_jump,0,7,7,0.390000000,0.336882600,-0.053117400,0.370000000,0.410573500,0.040573500,9.402846300,9.739728900,9.402846300
20260624_1_10次纵跳,current,trimmed_first_real_jump,0,8,8,0.420000000,0.324008700,-0.095991300,0.390000000,0.475948100,0.085948100,10.215677000,10.539685700,10.215677000
20260624_1_10次纵跳,current,trimmed_first_real_jump,0,9,9,0.410000000,0.361982600,-0.048017400,0.430000000,0.487003100,0.057003100,11.026688800,11.388671400,11.026688800
20260624_1_10次纵跳,current,trimmed_first_real_jump,0,10,10,0.420000000,,,0.420000000,0.521137000,0.101137000,,11.388671400,11.909808400
20260624_1_10次纵跳,compensated,trimmed_first_real_jump,0,1,1,0.210000000,0.285791300,0.075791300,0.380000000,0.461847200,0.081847200,4.911747400,5.197538700,4.911747400
20260624_1_10次纵跳,compensated,trimmed_first_real_jump,0,2,2,0.390000000,0.305018600,-0.084981400,0.370000000,0.447165200,0.077165200,5.644703900,5.949722500,5.644703900
20260624_1_10次纵跳,compensated,trimmed_first_real_jump,0,3,3,0.410000000,0.365959000,-0.044041000,0.390000000,0.461009300,0.071009300,6.410731800,6.776690800,6.410731800
20260624_1_10次纵跳,compensated,trimmed_first_real_jump,0,4,4,0.370000000,0.291955900,-0.078044100,0.370000000,0.443065600,0.073065600,7.219756400,7.511712300,7.219756400
20260624_1_10次纵跳,compensated,trimmed_first_real_jump,0,5,5,0.350000000,0.231986700,-0.118013300,0.390000000,0.473979800,0.083979800,7.985692100,8.217678800,7.985692100
20260624_1_10次纵跳,compensated,trimmed_first_real_jump,0,6,6,0.360000000,0.318476800,-0.041523200,0.370000000,0.454672200,0.084672200,8.672351000,8.990827800,8.672351000
20260624_1_10次纵跳,compensated,trimmed_first_real_jump,0,7,7,0.390000000,0.336515100,-0.053484900,0.370000000,0.411382100,0.041382100,9.402209900,9.738725000,9.402209900
20260624_1_10次纵跳,compensated,trimmed_first_real_jump,0,8,8,0.420000000,0.324018800,-0.095981200,0.390000000,0.475931300,0.085931300,10.214656300,10.538675100,10.214656300
20260624_1_10次纵跳,compensated,trimmed_first_real_jump,0,9,9,0.410000000,0.361623100,-0.048376900,0.430000000,0.487315500,0.057315500,11.025990600,11.387613700,11.025990600
20260624_1_10次纵跳,compensated,trimmed_first_real_jump,0,10,10,0.420000000,,,0.420000000,0.521611700,0.101611700,,11.387613700,11.909225400
20260624_1_10次纵跳,touch_associated,trimmed_first_real_jump,0,1,1,0.210000000,0.351730400,0.141730400,0.380000000,0.395908100,0.015908100,4.845808300,5.197538700,4.845808300
20260624_1_10次纵跳,touch_associated,trimmed_first_real_jump,0,2,2,0.390000000,0.343992900,-0.046007100,0.370000000,0.408190900,0.038190900,5.605729600,5.949722500,5.605729600
20260624_1_10次纵跳,touch_associated,trimmed_first_real_jump,0,3,3,0.410000000,0.386902500,-0.023097500,0.390000000,0.440065800,0.050065800,6.389788300,6.776690800,6.389788300
20260624_1_10次纵跳,touch_associated,trimmed_first_real_jump,0,4,4,0.370000000,0.348634900,-0.021365100,0.370000000,0.386386600,0.016386600,7.163077400,7.511712300,7.163077400
20260624_1_10次纵跳,touch_associated,trimmed_first_real_jump,0,5,5,0.350000000,0.291426400,-0.058573600,0.390000000,0.414540100,0.024540100,7.926252400,8.217678800,7.926252400
20260624_1_10次纵跳,touch_associated,trimmed_first_real_jump,0,6,6,0.360000000,0.341032900,-0.018967100,0.370000000,0.432116100,0.062116100,8.649794900,8.990827800,8.649794900
20260624_1_10次纵跳,touch_associated,trimmed_first_real_jump,0,7,7,0.390000000,0.366043500,-0.023956500,0.370000000,0.381853700,0.011853700,9.372681500,9.738725000,9.372681500
20260624_1_10次纵跳,touch_associated,trimmed_first_real_jump,0,8,8,0.420000000,0.379960400,-0.040039600,0.390000000,0.419989700,0.029989700,10.158714700,10.538675100,10.158714700
20260624_1_10次纵跳,touch_associated,trimmed_first_real_jump,0,9,9,0.410000000,0.382718300,-0.027281700,0.430000000,0.466220300,0.036220300,11.004895400,11.387613700,11.004895400
20260624_1_10次纵跳,touch_associated,trimmed_first_real_jump,0,10,10,0.420000000,,,0.420000000,0.514381600,0.094381600,,11.387613700,11.901995300
20260624_1_10次纵跳,lift_associated,trimmed_first_real_jump,0,1,1,0.210000000,0.285894700,0.075894700,0.380000000,0.460992800,0.080992800,4.911747400,5.197642100,4.911747400
20260624_1_10次纵跳,lift_associated,trimmed_first_real_jump,0,2,2,0.390000000,0.306002800,-0.083997200,0.370000000,0.447061800,0.077061800,5.644703900,5.950706700,5.644703900
20260624_1_10次纵跳,lift_associated,trimmed_first_real_jump,0,3,3,0.410000000,0.366946600,-0.043053400,0.390000000,0.460025100,0.070025100,6.410731800,6.777678400,6.410731800
20260624_1_10次纵跳,lift_associated,trimmed_first_real_jump,0,4,4,0.370000000,0.292923800,-0.077076200,0.370000000,0.442078000,0.072078000,7.219756400,7.512680200,7.219756400
20260624_1_10次纵跳,lift_associated,trimmed_first_real_jump,0,5,5,0.350000000,0.232970400,-0.117029600,0.390000000,0.473011900,0.083011900,7.985692100,8.218662500,7.985692100
20260624_1_10次纵跳,lift_associated,trimmed_first_real_jump,0,6,6,0.360000000,0.319921800,-0.040078200,0.370000000,0.453688500,0.083688500,8.672351000,8.992272800,8.672351000
20260624_1_10次纵跳,lift_associated,trimmed_first_real_jump,0,7,7,0.390000000,0.337519000,-0.052481000,0.370000000,0.409937100,0.039937100,9.402209900,9.739728900,9.402209900
20260624_1_10次纵跳,lift_associated,trimmed_first_real_jump,0,8,8,0.420000000,0.325029400,-0.094970600,0.390000000,0.474927400,0.084927400,10.214656300,10.539685700,10.214656300
20260624_1_10次纵跳,lift_associated,trimmed_first_real_jump,0,9,9,0.410000000,0.362680800,-0.047319200,0.430000000,0.486304900,0.056304900,11.025990600,11.388671400,11.025990600
20260624_1_10次纵跳,lift_associated,trimmed_first_real_jump,0,10,10,0.420000000,,,0.420000000,0.520554000,0.100554000,,11.388671400,11.909225400
20260624_1_10次纵跳,associated,trimmed_first_real_jump,0,1,1,0.210000000,0.351833800,0.141833800,0.380000000,0.395053700,0.015053700,4.845808300,5.197642100,4.845808300
20260624_1_10次纵跳,associated,trimmed_first_real_jump,0,2,2,0.390000000,0.344977100,-0.045022900,0.370000000,0.408087500,0.038087500,5.605729600,5.950706700,5.605729600
20260624_1_10次纵跳,associated,trimmed_first_real_jump,0,3,3,0.410000000,0.387890100,-0.022109900,0.390000000,0.439081600,0.049081600,6.389788300,6.777678400,6.389788300
20260624_1_10次纵跳,associated,trimmed_first_real_jump,0,4,4,0.370000000,0.349602800,-0.020397200,0.370000000,0.385399000,0.015399000,7.163077400,7.512680200,7.163077400
20260624_1_10次纵跳,associated,trimmed_first_real_jump,0,5,5,0.350000000,0.292410100,-0.057589900,0.390000000,0.413572200,0.023572200,7.926252400,8.218662500,7.926252400
20260624_1_10次纵跳,associated,trimmed_first_real_jump,0,6,6,0.360000000,0.342477900,-0.017522100,0.370000000,0.431132400,0.061132400,8.649794900,8.992272800,8.649794900
20260624_1_10次纵跳,associated,trimmed_first_real_jump,0,7,7,0.390000000,0.367047400,-0.022952600,0.370000000,0.380408700,0.010408700,9.372681500,9.739728900,9.372681500
20260624_1_10次纵跳,associated,trimmed_first_real_jump,0,8,8,0.420000000,0.380971000,-0.039029000,0.390000000,0.418985800,0.028985800,10.158714700,10.539685700,10.158714700
20260624_1_10次纵跳,associated,trimmed_first_real_jump,0,9,9,0.410000000,0.383776000,-0.026224000,0.430000000,0.465209700,0.035209700,11.004895400,11.388671400,11.004895400
20260624_1_10次纵跳,associated,trimmed_first_real_jump,0,10,10,0.420000000,,,0.420000000,0.513323900,0.093323900,,11.388671400,11.901995300
20260624_1_10次纵跳,onset,trimmed_first_real_jump,0,1,1,0.210000000,0.349798200,0.139798200,0.380000000,0.399420300,0.019420300,4.847740500,5.197538700,4.847740500
20260624_1_10次纵跳,onset,trimmed_first_real_jump,0,2,2,0.390000000,0.342933200,-0.047066800,0.370000000,0.409250600,0.039250600,5.606789300,5.949722500,5.606789300
20260624_1_10次纵跳,onset,trimmed_first_real_jump,0,3,3,0.410000000,0.384900100,-0.025099900,0.390000000,0.440065800,0.050065800,6.389788300,6.774688400,6.389788300
20260624_1_10次纵跳,onset,trimmed_first_real_jump,0,4,4,0.370000000,0.347531200,-0.022468800,0.370000000,0.389492700,0.019492700,7.164181100,7.511712300,7.164181100
20260624_1_10次纵跳,onset,trimmed_first_real_jump,0,5,5,0.350000000,0.291426400,-0.058573600,0.390000000,0.414540100,0.024540100,7.926252400,8.217678800,7.926252400
20260624_1_10次纵跳,onset,trimmed_first_real_jump,0,6,6,0.360000000,0.341032900,-0.018967100,0.370000000,0.432116100,0.062116100,8.649794900,8.990827800,8.649794900
20260624_1_10次纵跳,onset,trimmed_first_real_jump,0,7,7,0.390000000,0.364951200,-0.025048800,0.370000000,0.382946000,0.012946000,9.373773800,9.738725000,9.373773800
20260624_1_10次纵跳,onset,trimmed_first_real_jump,0,8,8,0.420000000,0.378712200,-0.041287800,0.390000000,0.421237900,0.031237900,10.159962900,10.538675100,10.159962900
20260624_1_10次纵跳,onset,trimmed_first_real_jump,0,9,9,0.410000000,0.382718300,-0.027281700,0.430000000,0.466220300,0.036220300,11.004895400,11.387613700,11.004895400
20260624_1_10次纵跳,onset,trimmed_first_real_jump,0,10,10,0.420000000,,,0.420000000,0.447258000,0.027258000,,11.387613700,11.834871700
20260624_2_10次纵跳,current,trimmed_first_real_jump,1,1,2,0.280000000,0.182881400,-0.097118600,0.310000000,0.387106500,0.077106500,4.285526600,4.468408000,4.285526600
20260624_2_10次纵跳,current,trimmed_first_real_jump,1,2,3,0.280000000,0.230046700,-0.049953300,0.270000000,0.350416800,0.080416800,4.818824800,5.048871500,4.818824800
20260624_2_10次纵跳,current,trimmed_first_real_jump,1,3,4,0.250000000,0.170246100,-0.079753900,0.300000000,0.379138200,0.079138200,5.428009700,5.598255800,5.428009700
20260624_2_10次纵跳,current,trimmed_first_real_jump,1,4,5,0.260000000,0.159460800,-0.100539200,0.320000000,0.405920200,0.085920200,6.004176000,6.163636800,6.004176000
20260624_2_10次纵跳,current,trimmed_first_real_jump,1,5,6,0.250000000,0.195319600,-0.054680400,0.300000000,0.369841100,0.069841100,6.533477900,6.728797500,6.533477900
20260624_2_10次纵跳,current,trimmed_first_real_jump,1,6,7,0.240000000,0.187730200,-0.052269800,0.320000000,0.369138200,0.049138200,7.097935700,7.285665900,7.097935700
20260624_2_10次纵跳,current,trimmed_first_real_jump,1,7,8,0.240000000,0.186556300,-0.053443700,0.320000000,0.381187300,0.061187300,7.666853200,7.853409500,7.666853200
20260624_2_10次纵跳,current,trimmed_first_real_jump,1,8,9,0.220000000,0.167253200,-0.052746800,0.330000000,0.376803800,0.046803800,8.230213300,8.397466500,8.230213300
20260624_2_10次纵跳,current,trimmed_first_real_jump,1,9,10,0.200000000,0.177448000,-0.022552000,0.320000000,0.374399200,0.054399200,8.771865700,8.949313700,8.771865700
20260624_2_10次纵跳,current,trimmed_first_real_jump,1,10,,0.400000000,,,0.380000000,,,,,
20260624_2_10次纵跳,compensated,trimmed_first_real_jump,1,1,2,0.280000000,0.184472000,-0.095528000,0.310000000,0.385911200,0.075911200,4.283347900,4.467819900,4.283347900
20260624_2_10次纵跳,compensated,trimmed_first_real_jump,1,2,3,0.280000000,0.230206000,-0.049794000,0.270000000,0.349449600,0.079449600,4.817269500,5.047475500,4.817269500
20260624_2_10次纵跳,compensated,trimmed_first_real_jump,1,3,4,0.250000000,0.170482400,-0.079517600,0.300000000,0.379315200,0.079315200,5.426790700,5.597273100,5.426790700
20260624_2_10次纵跳,compensated,trimmed_first_real_jump,1,4,5,0.260000000,0.157845400,-0.102154600,0.320000000,0.406149300,0.086149300,6.003422400,6.161267800,6.003422400
20260624_2_10次纵跳,compensated,trimmed_first_real_jump,1,5,6,0.250000000,0.194941900,-0.055058100,0.300000000,0.371054100,0.071054100,6.532321900,6.727263800,6.532321900
20260624_2_10次纵跳,compensated,trimmed_first_real_jump,1,6,7,0.240000000,0.187120400,-0.052879600,0.320000000,0.369085800,0.049085800,7.096349600,7.283470000,7.096349600
20260624_2_10次纵跳,compensated,trimmed_first_real_jump,1,7,8,0.240000000,0.187478500,-0.052521500,0.320000000,0.381899100,0.061899100,7.665369100,7.852847600,7.665369100
20260624_2_10次纵跳,compensated,trimmed_first_real_jump,1,8,9,0.220000000,0.166605300,-0.053394700,0.330000000,0.376750200,0.046750200,8.229597800,8.396203100,8.229597800
20260624_2_10次纵跳,compensated,trimmed_first_real_jump,1,9,10,0.200000000,0.176431100,-0.023568900,0.320000000,0.374251500,0.054251500,8.770454600,8.946885700,8.770454600
20260624_2_10次纵跳,compensated,trimmed_first_real_jump,1,10,,0.400000000,,,0.380000000,,,,,
20260624_2_10次纵跳,touch_associated,trimmed_first_real_jump,0,1,1,0.280000000,0.747207200,0.467207200,0.310000000,0.348844300,0.038844300,3.150229500,3.897436700,4.246281000
20260624_2_10次纵跳,touch_associated,trimmed_first_real_jump,0,2,2,0.280000000,0.221538900,-0.058461100,0.270000000,0.333423400,0.063423400,4.246281000,4.467819900,4.801243300
20260624_2_10次纵跳,touch_associated,trimmed_first_real_jump,0,3,3,0.250000000,0.246232200,-0.003767800,0.300000000,0.323397400,0.023397400,4.801243300,5.047475500,5.370872900
20260624_2_10次纵跳,touch_associated,trimmed_first_real_jump,0,4,4,0.260000000,0.226400200,-0.033599800,0.320000000,0.346638500,0.026638500,5.370872900,5.597273100,5.943911600
20260624_2_10次纵跳,touch_associated,trimmed_first_real_jump,0,5,5,0.250000000,0.217356200,-0.032643800,0.300000000,0.349905000,0.049905000,5.943911600,6.161267800,6.511172800
20260624_2_10次纵跳,touch_associated,trimmed_first_real_jump,0,6,6,0.240000000,0.216091000,-0.023909000,0.320000000,0.357968300,0.037968300,6.511172800,6.727263800,7.085232100
20260624_2_10次纵跳,touch_associated,trimmed_first_real_jump,0,7,7,0.240000000,0.198237900,-0.041762100,0.320000000,0.351799600,0.031799600,7.085232100,7.283470000,7.635269600
20260624_2_10次纵跳,touch_associated,trimmed_first_real_jump,0,8,8,0.220000000,0.217578000,-0.002422000,0.330000000,0.351477100,0.021477100,7.635269600,7.852847600,8.204324700
20260624_2_10次纵跳,touch_associated,trimmed_first_real_jump,0,9,9,0.200000000,0.191878400,-0.008121600,0.320000000,0.346112900,0.026112900,8.204324700,8.396203100,8.742316000
20260624_2_10次纵跳,touch_associated,trimmed_first_real_jump,0,10,10,0.400000000,0.204569700,-0.195430300,0.380000000,,,8.742316000,8.946885700,
20260624_2_10次纵跳,lift_associated,trimmed_first_real_jump,1,1,2,0.280000000,0.185060100,-0.094939900,0.310000000,0.384927800,0.074927800,4.283347900,4.468408000,4.283347900
20260624_2_10次纵跳,lift_associated,trimmed_first_real_jump,1,2,3,0.280000000,0.231602000,-0.048398000,0.270000000,0.348861500,0.078861500,4.817269500,5.048871500,4.817269500
20260624_2_10次纵跳,lift_associated,trimmed_first_real_jump,1,3,4,0.250000000,0.171465100,-0.078534900,0.300000000,0.377919200,0.077919200,5.426790700,5.598255800,5.426790700
20260624_2_10次纵跳,lift_associated,trimmed_first_real_jump,1,4,5,0.260000000,0.160214400,-0.099785600,0.320000000,0.405166600,0.085166600,6.003422400,6.163636800,6.003422400
20260624_2_10次纵跳,lift_associated,trimmed_first_real_jump,1,5,6,0.250000000,0.196475600,-0.053524400,0.300000000,0.368685100,0.068685100,6.532321900,6.728797500,6.532321900
20260624_2_10次纵跳,lift_associated,trimmed_first_real_jump,1,6,7,0.240000000,0.189316300,-0.050683700,0.320000000,0.367552100,0.047552100,7.096349600,7.285665900,7.096349600
20260624_2_10次纵跳,lift_associated,trimmed_first_real_jump,1,7,8,0.240000000,0.188040400,-0.051959600,0.320000000,0.379703200,0.059703200,7.665369100,7.853409500,7.665369100
20260624_2_10次纵跳,lift_associated,trimmed_first_real_jump,1,8,9,0.220000000,0.167868700,-0.052131300,0.330000000,0.376188300,0.046188300,8.229597800,8.397466500,8.229597800
20260624_2_10次纵跳,lift_associated,trimmed_first_real_jump,1,9,10,0.200000000,0.178859100,-0.021140900,0.320000000,0.372988100,0.052988100,8.770454600,8.949313700,8.770454600
20260624_2_10次纵跳,lift_associated,trimmed_first_real_jump,1,10,,0.400000000,,,0.380000000,,,,,
20260624_2_10次纵跳,associated,trimmed_first_real_jump,0,1,1,0.280000000,0.748190600,0.468190600,0.310000000,0.347860900,0.037860900,3.150229500,3.898420100,4.246281000
20260624_2_10次纵跳,associated,trimmed_first_real_jump,0,2,2,0.280000000,0.222127000,-0.057873000,0.270000000,0.332835300,0.062835300,4.246281000,4.468408000,4.801243300
20260624_2_10次纵跳,associated,trimmed_first_real_jump,0,3,3,0.250000000,0.247628200,-0.002371800,0.300000000,0.322001400,0.022001400,4.801243300,5.048871500,5.370872900
20260624_2_10次纵跳,associated,trimmed_first_real_jump,0,4,4,0.260000000,0.227382900,-0.032617100,0.320000000,0.345655800,0.025655800,5.370872900,5.598255800,5.943911600
20260624_2_10次纵跳,associated,trimmed_first_real_jump,0,5,5,0.250000000,0.219725200,-0.030274800,0.300000000,0.347536000,0.047536000,5.943911600,6.163636800,6.511172800
20260624_2_10次纵跳,associated,trimmed_first_real_jump,0,6,6,0.240000000,0.217624700,-0.022375300,0.320000000,0.356434600,0.036434600,6.511172800,6.728797500,7.085232100
20260624_2_10次纵跳,associated,trimmed_first_real_jump,0,7,7,0.240000000,0.200433800,-0.039566200,0.320000000,0.349603700,0.029603700,7.085232100,7.285665900,7.635269600
20260624_2_10次纵跳,associated,trimmed_first_real_jump,0,8,8,0.220000000,0.218139900,-0.001860100,0.330000000,0.350915200,0.020915200,7.635269600,7.853409500,8.204324700
20260624_2_10次纵跳,associated,trimmed_first_real_jump,0,9,9,0.200000000,0.193141800,-0.006858200,0.320000000,0.344849500,0.024849500,8.204324700,8.397466500,8.742316000
20260624_2_10次纵跳,associated,trimmed_first_real_jump,0,10,10,0.400000000,0.206997700,-0.193002300,0.380000000,,,8.742316000,8.949313700,
20260624_2_10次纵跳,onset,trimmed_first_real_jump,1,1,2,0.280000000,0.220436000,-0.059564000,0.310000000,0.349947200,0.039947200,4.247383900,4.467819900,4.247383900
20260624_2_10次纵跳,onset,trimmed_first_real_jump,1,2,3,0.280000000,0.246232200,-0.033767800,0.270000000,0.333423400,0.063423400,4.801243300,5.047475500,4.801243300
20260624_2_10次纵跳,onset,trimmed_first_real_jump,1,3,4,0.250000000,0.226400200,-0.023599800,0.300000000,0.323397400,0.023397400,5.370872900,5.597273100,5.370872900
20260624_2_10次纵跳,onset,trimmed_first_real_jump,1,4,5,0.260000000,0.217356200,-0.042643800,0.320000000,0.346638500,0.026638500,5.943911600,6.161267800,5.943911600
20260624_2_10次纵跳,onset,trimmed_first_real_jump,1,5,6,0.250000000,0.215069300,-0.034930700,0.300000000,0.350926700,0.050926700,6.512194500,6.727263800,6.512194500
20260624_2_10次纵跳,onset,trimmed_first_real_jump,1,6,7,0.240000000,0.206258900,-0.033741100,0.320000000,0.349947300,0.029947300,7.077211100,7.283470000,7.077211100
20260624_2_10次纵跳,onset,trimmed_first_real_jump,1,7,8,0.240000000,0.217578000,-0.022422000,0.320000000,0.351799600,0.031799600,7.635269600,7.852847600,7.635269600
20260624_2_10次纵跳,onset,trimmed_first_real_jump,1,8,9,0.220000000,0.191878400,-0.028121600,0.330000000,0.351477100,0.021477100,8.204324700,8.396203100,8.204324700
20260624_2_10次纵跳,onset,trimmed_first_real_jump,1,9,10,0.200000000,0.204569700,0.004569700,0.320000000,0.346112900,0.026112900,8.742316000,8.946885700,8.742316000
20260624_2_10次纵跳,onset,trimmed_first_real_jump,1,10,,0.400000000,,,0.380000000,,,,,
20260624_3_垂直方向10次纵跳,current,trimmed_first_real_jump,0,1,1,0.330000000,0.198003900,-0.131996100,0.350000000,0.511008000,0.161008000,4.519910100,4.717914000,4.519910100
20260624_3_垂直方向10次纵跳,current,trimmed_first_real_jump,0,2,2,0.430000000,0.307045900,-0.122954100,0.330000000,0.442985100,0.112985100,5.160899100,5.467945000,5.160899100
20260624_3_垂直方向10次纵跳,current,trimmed_first_real_jump,0,3,3,0.440000000,0.292832600,-0.147167400,0.370000000,0.510088200,0.140088200,5.978033200,6.270865800,5.978033200
20260624_3_垂直方向10次纵跳,current,trimmed_first_real_jump,0,4,4,0.440000000,0.299055900,-0.140944100,0.370000000,0.512996500,0.142996500,6.783862300,7.082918200,6.783862300
20260624_3_垂直方向10次纵跳,current,trimmed_first_real_jump,0,5,5,0.420000000,0.267449900,-0.152550100,0.390000000,0.531008300,0.141008300,7.613926500,7.881376400,7.613926500
20260624_3_垂直方向10次纵跳,current,trimmed_first_real_jump,0,6,6,0.370000000,0.219010500,-0.150989500,0.360000000,0.534515400,0.174515400,8.415891800,8.634902300,8.415891800
20260624_3_垂直方向10次纵跳,current,trimmed_first_real_jump,0,7,7,0.340000000,0.133998200,-0.206001800,0.360000000,0.506992300,0.146992300,9.141894600,9.275892800,9.141894600
20260624_3_垂直方向10次纵跳,current,trimmed_first_real_jump,0,8,8,0.350000000,0.173953200,-0.176046800,0.340000000,0.522029300,0.182029300,9.797922100,9.971875300,9.797922100
20260624_3_垂直方向10次纵跳,current,trimmed_first_real_jump,0,9,9,0.360000000,0.239637200,-0.120362800,0.330000000,0.510076300,0.180076300,10.481951600,10.721588800,10.481951600
20260624_3_垂直方向10次纵跳,current,trimmed_first_real_jump,0,10,10,0.700000000,,,0.410000000,0.544304900,0.134304900,,10.721588800,11.265893700
20260624_3_垂直方向10次纵跳,compensated,trimmed_first_real_jump,0,1,1,0.330000000,0.197999600,-0.132000400,0.350000000,0.510964900,0.160964900,4.518918800,4.716918400,4.518918800
20260624_3_垂直方向10次纵跳,compensated,trimmed_first_real_jump,0,2,2,0.430000000,0.306994500,-0.123005500,0.330000000,0.442983800,0.112983800,5.159902200,5.466896700,5.159902200
20260624_3_垂直方向10次纵跳,compensated,trimmed_first_real_jump,0,3,3,0.440000000,0.292729700,-0.147270300,0.370000000,0.510240500,0.140240500,5.977137200,6.269866900,5.977137200
20260624_3_垂直方向10次纵跳,compensated,trimmed_first_real_jump,0,4,4,0.440000000,0.299103200,-0.140896800,0.370000000,0.513002500,0.143002500,6.782869400,7.081972600,6.782869400
20260624_3_垂直方向10次纵跳,compensated,trimmed_first_real_jump,0,5,5,0.420000000,0.266473400,-0.153526600,0.390000000,0.531655200,0.141655200,7.613627800,7.880101200,7.613627800
20260624_3_垂直方向10次纵跳,compensated,trimmed_first_real_jump,0,6,6,0.370000000,0.218927700,-0.151072300,0.360000000,0.534863900,0.174863900,8.414965100,8.633892800,8.414965100
20260624_3_垂直方向10次纵跳,compensated,trimmed_first_real_jump,0,7,7,0.340000000,0.133998500,-0.206001500,0.360000000,0.507000800,0.147000800,9.140893600,9.274892100,9.140893600
20260624_3_垂直方向10次纵跳,compensated,trimmed_first_real_jump,0,8,8,0.350000000,0.173977800,-0.176022200,0.340000000,0.522005600,0.182005600,9.796897700,9.970875500,9.796897700
20260624_3_垂直方向10次纵跳,compensated,trimmed_first_real_jump,0,9,9,0.360000000,0.239220000,-0.120780000,0.330000000,0.510266900,0.180266900,10.481142400,10.720362400,10.481142400
20260624_3_垂直方向10次纵跳,compensated,trimmed_first_real_jump,0,10,10,0.700000000,,,0.410000000,0.544538000,0.134538000,,10.720362400,11.264900400
20260624_3_垂直方向10次纵跳,touch_associated,trimmed_first_real_jump,0,1,1,0.330000000,0.294988500,-0.035011500,0.350000000,0.413976000,0.063976000,4.421929900,4.716918400,4.421929900
20260624_3_垂直方向10次纵跳,touch_associated,trimmed_first_real_jump,0,2,2,0.430000000,0.380993800,-0.049006200,0.330000000,0.368984500,0.038984500,5.085902900,5.466896700,5.085902900
20260624_3_垂直方向10次纵跳,touch_associated,trimmed_first_real_jump,0,3,3,0.440000000,0.384951000,-0.055049000,0.370000000,0.418019200,0.048019200,5.884915900,6.269866900,5.884915900
20260624_3_垂直方向10次纵跳,touch_associated,trimmed_first_real_jump,0,4,4,0.440000000,0.392085400,-0.047914600,0.370000000,0.420020300,0.050020300,6.689887200,7.081972600,6.689887200
20260624_3_垂直方向10次纵跳,touch_associated,trimmed_first_real_jump,0,5,5,0.420000000,0.362100100,-0.057899900,0.390000000,0.436028500,0.046028500,7.518001100,7.880101200,7.518001100
20260624_3_垂直方向10次纵跳,touch_associated,trimmed_first_real_jump,0,6,6,0.370000000,0.332896700,-0.037103300,0.360000000,0.420894900,0.060894900,8.300996100,8.633892800,8.300996100
20260624_3_垂直方向10次纵跳,touch_associated,trimmed_first_real_jump,0,7,7,0.340000000,0.242017600,-0.097982400,0.360000000,0.398981700,0.038981700,9.032874500,9.274892100,9.032874500
20260624_3_垂直方向10次纵跳,touch_associated,trimmed_first_real_jump,0,8,8,0.350000000,0.261853500,-0.088146500,0.340000000,0.434129900,0.094129900,9.709022000,9.970875500,9.709022000
20260624_3_垂直方向10次纵跳,touch_associated,trimmed_first_real_jump,0,9,9,0.360000000,0.332485100,-0.027514900,0.330000000,0.417001800,0.087001800,10.387877300,10.720362400,10.387877300
20260624_3_垂直方向10次纵跳,touch_associated,trimmed_first_real_jump,0,10,10,0.700000000,,,0.410000000,0.436534600,0.026534600,,10.720362400,11.156897000
20260624_3_垂直方向10次纵跳,lift_associated,trimmed_first_real_jump,0,1,1,0.330000000,0.198995200,-0.131004800,0.350000000,0.510016700,0.160016700,4.518918800,4.717914000,4.518918800
20260624_3_垂直方向10次纵跳,lift_associated,trimmed_first_real_jump,0,2,2,0.430000000,0.308042800,-0.121957200,0.330000000,0.441988200,0.111988200,5.159902200,5.467945000,5.159902200
20260624_3_垂直方向10次纵跳,lift_associated,trimmed_first_real_jump,0,3,3,0.440000000,0.293728600,-0.146271400,0.370000000,0.509192200,0.139192200,5.977137200,6.270865800,5.977137200
20260624_3_垂直方向10次纵跳,lift_associated,trimmed_first_real_jump,0,4,4,0.440000000,0.300048800,-0.139951200,0.370000000,0.512003600,0.142003600,6.782869400,7.082918200,6.782869400
20260624_3_垂直方向10次纵跳,lift_associated,trimmed_first_real_jump,0,5,5,0.420000000,0.267748600,-0.152251400,0.390000000,0.530709600,0.140709600,7.613627800,7.881376400,7.613627800
20260624_3_垂直方向10次纵跳,lift_associated,trimmed_first_real_jump,0,6,6,0.370000000,0.219937200,-0.150062800,0.360000000,0.533588700,0.173588700,8.414965100,8.634902300,8.414965100
20260624_3_垂直方向10次纵跳,lift_associated,trimmed_first_real_jump,0,7,7,0.340000000,0.134999200,-0.205000800,0.360000000,0.505991300,0.145991300,9.140893600,9.275892800,9.140893600
20260624_3_垂直方向10次纵跳,lift_associated,trimmed_first_real_jump,0,8,8,0.350000000,0.174977600,-0.175022400,0.340000000,0.521004900,0.181004900,9.796897700,9.971875300,9.796897700
20260624_3_垂直方向10次纵跳,lift_associated,trimmed_first_real_jump,0,9,9,0.360000000,0.240446400,-0.119553600,0.330000000,0.509267100,0.179267100,10.481142400,10.721588800,10.481142400
20260624_3_垂直方向10次纵跳,lift_associated,trimmed_first_real_jump,0,10,10,0.700000000,,,0.410000000,0.543311600,0.133311600,,10.721588800,11.264900400
20260624_3_垂直方向10次纵跳,associated,trimmed_first_real_jump,0,1,1,0.330000000,0.295984100,-0.034015900,0.350000000,0.413027800,0.063027800,4.421929900,4.717914000,4.421929900
20260624_3_垂直方向10次纵跳,associated,trimmed_first_real_jump,0,2,2,0.430000000,0.382042100,-0.047957900,0.330000000,0.367988900,0.037988900,5.085902900,5.467945000,5.085902900
20260624_3_垂直方向10次纵跳,associated,trimmed_first_real_jump,0,3,3,0.440000000,0.385949900,-0.054050100,0.370000000,0.416970900,0.046970900,5.884915900,6.270865800,5.884915900
20260624_3_垂直方向10次纵跳,associated,trimmed_first_real_jump,0,4,4,0.440000000,0.393031000,-0.046969000,0.370000000,0.419021400,0.049021400,6.689887200,7.082918200,6.689887200
20260624_3_垂直方向10次纵跳,associated,trimmed_first_real_jump,0,5,5,0.420000000,0.363375300,-0.056624700,0.390000000,0.435082900,0.045082900,7.518001100,7.881376400,7.518001100
20260624_3_垂直方向10次纵跳,associated,trimmed_first_real_jump,0,6,6,0.370000000,0.333906200,-0.036093800,0.360000000,0.419619700,0.059619700,8.300996100,8.634902300,8.300996100
20260624_3_垂直方向10次纵跳,associated,trimmed_first_real_jump,0,7,7,0.340000000,0.243018300,-0.096981700,0.360000000,0.397972200,0.037972200,9.032874500,9.275892800,9.032874500
20260624_3_垂直方向10次纵跳,associated,trimmed_first_real_jump,0,8,8,0.350000000,0.262853300,-0.087146700,0.340000000,0.433129200,0.093129200,9.709022000,9.971875300,9.709022000
20260624_3_垂直方向10次纵跳,associated,trimmed_first_real_jump,0,9,9,0.360000000,0.333711500,-0.026288500,0.330000000,0.416002000,0.086002000,10.387877300,10.721588800,10.387877300
20260624_3_垂直方向10次纵跳,associated,trimmed_first_real_jump,0,10,10,0.700000000,,,0.410000000,0.435308200,0.025308200,,10.721588800,11.156897000
20260624_3_垂直方向10次纵跳,onset,trimmed_first_real_jump,0,1,1,0.330000000,0.179019300,-0.150980700,0.350000000,0.510964900,0.160964900,4.518918800,4.697938100,4.518918800
20260624_3_垂直方向10次纵跳,onset,trimmed_first_real_jump,0,2,2,0.430000000,0.389994900,-0.040005100,0.330000000,0.378963700,0.048963700,5.076901800,5.466896700,5.076901800
20260624_3_垂直方向10次纵跳,onset,trimmed_first_real_jump,0,3,3,0.440000000,0.390960300,-0.049039700,0.370000000,0.412009900,0.042009900,5.878906600,6.269866900,5.878906600
20260624_3_垂直方向10次纵跳,onset,trimmed_first_real_jump,0,4,4,0.440000000,0.392085400,-0.047914600,0.370000000,0.420020300,0.050020300,6.689887200,7.081972600,6.689887200
20260624_3_垂直方向10次纵跳,onset,trimmed_first_real_jump,0,5,5,0.420000000,0.362100100,-0.057899900,0.390000000,0.436028500,0.046028500,7.518001100,7.880101200,7.518001100
20260624_3_垂直方向10次纵跳,onset,trimmed_first_real_jump,0,6,6,0.370000000,0.175168400,-0.194831600,0.360000000,0.523741500,0.163741500,8.403842700,8.579011100,8.403842700
20260624_3_垂直方向10次纵跳,onset,trimmed_first_real_jump,0,7,7,0.340000000,0.065848400,-0.274151600,0.360000000,0.550901900,0.190901900,9.129913000,9.195761400,9.129913000
20260624_3_垂直方向10次纵跳,onset,trimmed_first_real_jump,0,8,8,0.350000000,0.260508700,-0.089491300,0.340000000,0.514605400,0.174605400,9.710366800,9.970875500,9.710366800
20260624_3_垂直方向10次纵跳,onset,trimmed_first_real_jump,0,9,9,0.360000000,0.332485100,-0.027514900,0.330000000,0.417001800,0.087001800,10.387877300,10.720362400,10.387877300
20260624_3_垂直方向10次纵跳,onset,trimmed_first_real_jump,0,10,10,0.700000000,,,0.410000000,0.537550700,0.127550700,,10.720362400,11.257913100
