session,variant,pairing_mode,jump_index,touch_start_s,lift_s,landing_s,contact_time_s,air_time_s
20260624_1_10次纵跳,current,production_equivalent,1,4.912752400,5.197642100,4.912752400,0.284889700,0.461997800
20260624_1_10次纵跳,current,production_equivalent,2,5.645803500,5.950706700,5.645803500,0.304903200,0.448161400
20260624_1_10次纵跳,current,production_equivalent,3,6.411746600,6.777678400,6.411746600,0.365931800,0.461039900
20260624_1_10次纵跳,current,production_equivalent,4,7.221086500,7.512680200,7.221086500,0.291593700,0.443408100
20260624_1_10次纵跳,current,production_equivalent,5,7.986024100,8.218662500,7.986024100,0.232638400,0.473343900
20260624_1_10次纵跳,current,production_equivalent,6,8.672649600,8.992272800,8.672649600,0.319623200,0.453987100
20260624_1_10次纵跳,current,production_equivalent,7,9.402846300,9.739728900,9.402846300,0.336882600,0.410573500
20260624_1_10次纵跳,current,production_equivalent,8,10.215677000,10.539685700,10.215677000,0.324008700,0.475948100
20260624_1_10次纵跳,current,production_equivalent,9,11.026688800,11.388671400,11.026688800,0.361982600,0.487003100
20260624_1_10次纵跳,current,production_equivalent,10,,11.388671400,11.909808400,,0.521137000
20260624_1_10次纵跳,current,raw_triplet,1,4.137736700,4.450754600,4.912752400,0.313017900,0.461997800
20260624_1_10次纵跳,current,raw_triplet,2,4.912752400,5.197642100,5.645803500,0.284889700,0.448161400
20260624_1_10次纵跳,current,raw_triplet,3,5.645803500,5.950706700,6.411746600,0.304903200,0.461039900
20260624_1_10次纵跳,current,raw_triplet,4,6.411746600,6.777678400,7.221086500,0.365931800,0.443408100
20260624_1_10次纵跳,current,raw_triplet,5,7.221086500,7.512680200,7.986024100,0.291593700,0.473343900
20260624_1_10次纵跳,current,raw_triplet,6,7.986024100,8.218662500,8.672649600,0.232638400,0.453987100
20260624_1_10次纵跳,current,raw_triplet,7,8.672649600,8.992272800,9.402846300,0.319623200,0.410573500
20260624_1_10次纵跳,current,raw_triplet,8,9.402846300,9.739728900,10.215677000,0.336882600,0.475948100
20260624_1_10次纵跳,current,raw_triplet,9,10.215677000,10.539685700,11.026688800,0.324008700,0.487003100
20260624_1_10次纵跳,current,raw_triplet,10,11.026688800,11.388671400,11.909808400,0.361982600,0.521137000
20260624_1_10次纵跳,compensated,production_equivalent,1,4.911747400,5.197538700,4.911747400,0.285791300,0.461847200
20260624_1_10次纵跳,compensated,production_equivalent,2,5.644703900,5.949722500,5.644703900,0.305018600,0.447165200
20260624_1_10次纵跳,compensated,production_equivalent,3,6.410731800,6.776690800,6.410731800,0.365959000,0.461009300
20260624_1_10次纵跳,compensated,production_equivalent,4,7.219756400,7.511712300,7.219756400,0.291955900,0.443065600
20260624_1_10次纵跳,compensated,production_equivalent,5,7.985692100,8.217678800,7.985692100,0.231986700,0.473979800
20260624_1_10次纵跳,compensated,production_equivalent,6,8.672351000,8.990827800,8.672351000,0.318476800,0.454672200
20260624_1_10次纵跳,compensated,production_equivalent,7,9.402209900,9.738725000,9.402209900,0.336515100,0.411382100
20260624_1_10次纵跳,compensated,production_equivalent,8,10.214656300,10.538675100,10.214656300,0.324018800,0.475931300
20260624_1_10次纵跳,compensated,production_equivalent,9,11.025990600,11.387613700,11.025990600,0.361623100,0.487315500
20260624_1_10次纵跳,compensated,production_equivalent,10,,11.387613700,11.909225400,,0.521611700
20260624_1_10次纵跳,compensated,raw_triplet,1,4.136762600,4.449900200,4.911747400,0.313137600,0.461847200
20260624_1_10次纵跳,compensated,raw_triplet,2,4.911747400,5.197538700,5.644703900,0.285791300,0.447165200
20260624_1_10次纵跳,compensated,raw_triplet,3,5.644703900,5.949722500,6.410731800,0.305018600,0.461009300
20260624_1_10次纵跳,compensated,raw_triplet,4,6.410731800,6.776690800,7.219756400,0.365959000,0.443065600
20260624_1_10次纵跳,compensated,raw_triplet,5,7.219756400,7.511712300,7.985692100,0.291955900,0.473979800
20260624_1_10次纵跳,compensated,raw_triplet,6,7.985692100,8.217678800,8.672351000,0.231986700,0.454672200
20260624_1_10次纵跳,compensated,raw_triplet,7,8.672351000,8.990827800,9.402209900,0.318476800,0.411382100
20260624_1_10次纵跳,compensated,raw_triplet,8,9.402209900,9.738725000,10.214656300,0.336515100,0.475931300
20260624_1_10次纵跳,compensated,raw_triplet,9,10.214656300,10.538675100,11.025990600,0.324018800,0.487315500
20260624_1_10次纵跳,compensated,raw_triplet,10,11.025990600,11.387613700,11.909225400,0.361623100,0.521611700
20260624_1_10次纵跳,touch_associated,production_equivalent,1,4.845808300,5.197538700,4.845808300,0.351730400,0.395908100
20260624_1_10次纵跳,touch_associated,production_equivalent,2,5.605729600,5.949722500,5.605729600,0.343992900,0.408190900
20260624_1_10次纵跳,touch_associated,production_equivalent,3,6.389788300,6.776690800,6.389788300,0.386902500,0.440065800
20260624_1_10次纵跳,touch_associated,production_equivalent,4,7.163077400,7.511712300,7.163077400,0.348634900,0.386386600
20260624_1_10次纵跳,touch_associated,production_equivalent,5,7.926252400,8.217678800,7.926252400,0.291426400,0.414540100
20260624_1_10次纵跳,touch_associated,production_equivalent,6,8.649794900,8.990827800,8.649794900,0.341032900,0.432116100
20260624_1_10次纵跳,touch_associated,production_equivalent,7,9.372681500,9.738725000,9.372681500,0.366043500,0.381853700
20260624_1_10次纵跳,touch_associated,production_equivalent,8,10.158714700,10.538675100,10.158714700,0.379960400,0.419989700
20260624_1_10次纵跳,touch_associated,production_equivalent,9,11.004895400,11.387613700,11.004895400,0.382718300,0.466220300
20260624_1_10次纵跳,touch_associated,production_equivalent,10,,11.387613700,11.901995300,,0.514381600
20260624_1_10次纵跳,touch_associated,raw_triplet,1,3.671050700,4.449900200,4.845808300,0.778849500,0.395908100
20260624_1_10次纵跳,touch_associated,raw_triplet,2,4.845808300,5.197538700,5.605729600,0.351730400,0.408190900
20260624_1_10次纵跳,touch_associated,raw_triplet,3,5.605729600,5.949722500,6.389788300,0.343992900,0.440065800
20260624_1_10次纵跳,touch_associated,raw_triplet,4,6.389788300,6.776690800,7.163077400,0.386902500,0.386386600
20260624_1_10次纵跳,touch_associated,raw_triplet,5,7.163077400,7.511712300,7.926252400,0.348634900,0.414540100
20260624_1_10次纵跳,touch_associated,raw_triplet,6,7.926252400,8.217678800,8.649794900,0.291426400,0.432116100
20260624_1_10次纵跳,touch_associated,raw_triplet,7,8.649794900,8.990827800,9.372681500,0.341032900,0.381853700
20260624_1_10次纵跳,touch_associated,raw_triplet,8,9.372681500,9.738725000,10.158714700,0.366043500,0.419989700
20260624_1_10次纵跳,touch_associated,raw_triplet,9,10.158714700,10.538675100,11.004895400,0.379960400,0.466220300
20260624_1_10次纵跳,touch_associated,raw_triplet,10,11.004895400,11.387613700,11.901995300,0.382718300,0.514381600
20260624_1_10次纵跳,lift_associated,production_equivalent,1,4.911747400,5.197642100,4.911747400,0.285894700,0.460992800
20260624_1_10次纵跳,lift_associated,production_equivalent,2,5.644703900,5.950706700,5.644703900,0.306002800,0.447061800
20260624_1_10次纵跳,lift_associated,production_equivalent,3,6.410731800,6.777678400,6.410731800,0.366946600,0.460025100
20260624_1_10次纵跳,lift_associated,production_equivalent,4,7.219756400,7.512680200,7.219756400,0.292923800,0.442078000
20260624_1_10次纵跳,lift_associated,production_equivalent,5,7.985692100,8.218662500,7.985692100,0.232970400,0.473011900
20260624_1_10次纵跳,lift_associated,production_equivalent,6,8.672351000,8.992272800,8.672351000,0.319921800,0.453688500
20260624_1_10次纵跳,lift_associated,production_equivalent,7,9.402209900,9.739728900,9.402209900,0.337519000,0.409937100
20260624_1_10次纵跳,lift_associated,production_equivalent,8,10.214656300,10.539685700,10.214656300,0.325029400,0.474927400
20260624_1_10次纵跳,lift_associated,production_equivalent,9,11.025990600,11.388671400,11.025990600,0.362680800,0.486304900
20260624_1_10次纵跳,lift_associated,production_equivalent,10,,11.388671400,11.909225400,,0.520554000
20260624_1_10次纵跳,lift_associated,raw_triplet,1,4.136762600,4.450754600,4.911747400,0.313992000,0.460992800
20260624_1_10次纵跳,lift_associated,raw_triplet,2,4.911747400,5.197642100,5.644703900,0.285894700,0.447061800
20260624_1_10次纵跳,lift_associated,raw_triplet,3,5.644703900,5.950706700,6.410731800,0.306002800,0.460025100
20260624_1_10次纵跳,lift_associated,raw_triplet,4,6.410731800,6.777678400,7.219756400,0.366946600,0.442078000
20260624_1_10次纵跳,lift_associated,raw_triplet,5,7.219756400,7.512680200,7.985692100,0.292923800,0.473011900
20260624_1_10次纵跳,lift_associated,raw_triplet,6,7.985692100,8.218662500,8.672351000,0.232970400,0.453688500
20260624_1_10次纵跳,lift_associated,raw_triplet,7,8.672351000,8.992272800,9.402209900,0.319921800,0.409937100
20260624_1_10次纵跳,lift_associated,raw_triplet,8,9.402209900,9.739728900,10.214656300,0.337519000,0.474927400
20260624_1_10次纵跳,lift_associated,raw_triplet,9,10.214656300,10.539685700,11.025990600,0.325029400,0.486304900
20260624_1_10次纵跳,lift_associated,raw_triplet,10,11.025990600,11.388671400,11.909225400,0.362680800,0.520554000
20260624_1_10次纵跳,associated,production_equivalent,1,4.845808300,5.197642100,4.845808300,0.351833800,0.395053700
20260624_1_10次纵跳,associated,production_equivalent,2,5.605729600,5.950706700,5.605729600,0.344977100,0.408087500
20260624_1_10次纵跳,associated,production_equivalent,3,6.389788300,6.777678400,6.389788300,0.387890100,0.439081600
20260624_1_10次纵跳,associated,production_equivalent,4,7.163077400,7.512680200,7.163077400,0.349602800,0.385399000
20260624_1_10次纵跳,associated,production_equivalent,5,7.926252400,8.218662500,7.926252400,0.292410100,0.413572200
20260624_1_10次纵跳,associated,production_equivalent,6,8.649794900,8.992272800,8.649794900,0.342477900,0.431132400
20260624_1_10次纵跳,associated,production_equivalent,7,9.372681500,9.739728900,9.372681500,0.367047400,0.380408700
20260624_1_10次纵跳,associated,production_equivalent,8,10.158714700,10.539685700,10.158714700,0.380971000,0.418985800
20260624_1_10次纵跳,associated,production_equivalent,9,11.004895400,11.388671400,11.004895400,0.383776000,0.465209700
20260624_1_10次纵跳,associated,production_equivalent,10,,11.388671400,11.901995300,,0.513323900
20260624_1_10次纵跳,associated,raw_triplet,1,3.671050700,4.450754600,4.845808300,0.779703900,0.395053700
20260624_1_10次纵跳,associated,raw_triplet,2,4.845808300,5.197642100,5.605729600,0.351833800,0.408087500
20260624_1_10次纵跳,associated,raw_triplet,3,5.605729600,5.950706700,6.389788300,0.344977100,0.439081600
20260624_1_10次纵跳,associated,raw_triplet,4,6.389788300,6.777678400,7.163077400,0.387890100,0.385399000
20260624_1_10次纵跳,associated,raw_triplet,5,7.163077400,7.512680200,7.926252400,0.349602800,0.413572200
20260624_1_10次纵跳,associated,raw_triplet,6,7.926252400,8.218662500,8.649794900,0.292410100,0.431132400
20260624_1_10次纵跳,associated,raw_triplet,7,8.649794900,8.992272800,9.372681500,0.342477900,0.380408700
20260624_1_10次纵跳,associated,raw_triplet,8,9.372681500,9.739728900,10.158714700,0.367047400,0.418985800
20260624_1_10次纵跳,associated,raw_triplet,9,10.158714700,10.539685700,11.004895400,0.380971000,0.465209700
20260624_1_10次纵跳,associated,raw_triplet,10,11.004895400,11.388671400,11.901995300,0.383776000,0.513323900
20260624_1_10次纵跳,onset,production_equivalent,1,4.847740500,5.197538700,4.847740500,0.349798200,0.399420300
20260624_1_10次纵跳,onset,production_equivalent,2,5.606789300,5.949722500,5.606789300,0.342933200,0.409250600
20260624_1_10次纵跳,onset,production_equivalent,3,6.389788300,6.774688400,6.389788300,0.384900100,0.440065800
20260624_1_10次纵跳,onset,production_equivalent,4,7.164181100,7.511712300,7.164181100,0.347531200,0.389492700
20260624_1_10次纵跳,onset,production_equivalent,5,7.926252400,8.217678800,7.926252400,0.291426400,0.414540100
20260624_1_10次纵跳,onset,production_equivalent,6,8.649794900,8.990827800,8.649794900,0.341032900,0.432116100
20260624_1_10次纵跳,onset,production_equivalent,7,9.373773800,9.738725000,9.373773800,0.364951200,0.382946000
20260624_1_10次纵跳,onset,production_equivalent,8,10.159962900,10.538675100,10.159962900,0.378712200,0.421237900
20260624_1_10次纵跳,onset,production_equivalent,9,11.004895400,11.387613700,11.004895400,0.382718300,0.466220300
20260624_1_10次纵跳,onset,production_equivalent,10,,11.387613700,11.834871700,,0.447258000
20260624_1_10次纵跳,onset,raw_triplet,1,4.089668300,4.448320200,4.847740500,0.358651900,0.399420300
20260624_1_10次纵跳,onset,raw_triplet,2,4.847740500,5.197538700,5.606789300,0.349798200,0.409250600
20260624_1_10次纵跳,onset,raw_triplet,3,5.606789300,5.949722500,6.389788300,0.342933200,0.440065800
20260624_1_10次纵跳,onset,raw_triplet,4,6.389788300,6.774688400,7.164181100,0.384900100,0.389492700
20260624_1_10次纵跳,onset,raw_triplet,5,7.164181100,7.511712300,7.926252400,0.347531200,0.414540100
20260624_1_10次纵跳,onset,raw_triplet,6,7.926252400,8.217678800,8.649794900,0.291426400,0.432116100
20260624_1_10次纵跳,onset,raw_triplet,7,8.649794900,8.990827800,9.373773800,0.341032900,0.382946000
20260624_1_10次纵跳,onset,raw_triplet,8,9.373773800,9.738725000,10.159962900,0.364951200,0.421237900
20260624_1_10次纵跳,onset,raw_triplet,9,10.159962900,10.538675100,11.004895400,0.378712200,0.466220300
20260624_1_10次纵跳,onset,raw_triplet,10,11.004895400,11.387613700,11.834871700,0.382718300,0.447258000
20260624_2_10次纵跳,current,production_equivalent,1,3.603928200,3.898420100,3.603928200,0.294491900,0.012704900
20260624_2_10次纵跳,current,production_equivalent,2,4.285526600,4.468408000,4.285526600,0.182881400,0.387106500
20260624_2_10次纵跳,current,production_equivalent,3,4.818824800,5.048871500,4.818824800,0.230046700,0.350416800
20260624_2_10次纵跳,current,production_equivalent,4,5.428009700,5.598255800,5.428009700,0.170246100,0.379138200
20260624_2_10次纵跳,current,production_equivalent,5,6.004176000,6.163636800,6.004176000,0.159460800,0.405920200
20260624_2_10次纵跳,current,production_equivalent,6,6.533477900,6.728797500,6.533477900,0.195319600,0.369841100
20260624_2_10次纵跳,current,production_equivalent,7,7.097935700,7.285665900,7.097935700,0.187730200,0.369138200
20260624_2_10次纵跳,current,production_equivalent,8,7.666853200,7.853409500,7.666853200,0.186556300,0.381187300
20260624_2_10次纵跳,current,production_equivalent,9,8.230213300,8.397466500,8.230213300,0.167253200,0.376803800
20260624_2_10次纵跳,current,production_equivalent,10,8.771865700,8.949313700,8.771865700,0.177448000,0.374399200
20260624_2_10次纵跳,current,raw_triplet,1,3.580291200,3.591223300,3.603928200,0.010932100,0.012704900
20260624_2_10次纵跳,current,raw_triplet,2,3.603928200,3.898420100,4.285526600,0.294491900,0.387106500
20260624_2_10次纵跳,current,raw_triplet,3,4.285526600,4.468408000,4.818824800,0.182881400,0.350416800
20260624_2_10次纵跳,current,raw_triplet,4,4.818824800,5.048871500,5.428009700,0.230046700,0.379138200
20260624_2_10次纵跳,current,raw_triplet,5,5.428009700,5.598255800,6.004176000,0.170246100,0.405920200
20260624_2_10次纵跳,current,raw_triplet,6,6.004176000,6.163636800,6.533477900,0.159460800,0.369841100
20260624_2_10次纵跳,current,raw_triplet,7,6.533477900,6.728797500,7.097935700,0.195319600,0.369138200
20260624_2_10次纵跳,current,raw_triplet,8,7.097935700,7.285665900,7.666853200,0.187730200,0.381187300
20260624_2_10次纵跳,current,raw_triplet,9,7.666853200,7.853409500,8.230213300,0.186556300,0.376803800
20260624_2_10次纵跳,current,raw_triplet,10,8.230213300,8.397466500,8.771865700,0.167253200,0.374399200
20260624_2_10次纵跳,compensated,production_equivalent,1,3.601266800,3.897436700,3.601266800,0.296169900,0.010975700
20260624_2_10次纵跳,compensated,production_equivalent,2,4.283347900,4.467819900,4.283347900,0.184472000,0.385911200
20260624_2_10次纵跳,compensated,production_equivalent,3,4.817269500,5.047475500,4.817269500,0.230206000,0.349449600
20260624_2_10次纵跳,compensated,production_equivalent,4,5.426790700,5.597273100,5.426790700,0.170482400,0.379315200
20260624_2_10次纵跳,compensated,production_equivalent,5,6.003422400,6.161267800,6.003422400,0.157845400,0.406149300
20260624_2_10次纵跳,compensated,production_equivalent,6,6.532321900,6.727263800,6.532321900,0.194941900,0.371054100
20260624_2_10次纵跳,compensated,production_equivalent,7,7.096349600,7.283470000,7.096349600,0.187120400,0.369085800
20260624_2_10次纵跳,compensated,production_equivalent,8,7.665369100,7.852847600,7.665369100,0.187478500,0.381899100
20260624_2_10次纵跳,compensated,production_equivalent,9,8.229597800,8.396203100,8.229597800,0.166605300,0.376750200
20260624_2_10次纵跳,compensated,production_equivalent,10,8.770454600,8.946885700,8.770454600,0.176431100,0.374251500
20260624_2_10次纵跳,compensated,raw_triplet,1,3.579391600,3.590291100,3.601266800,0.010899500,0.010975700
20260624_2_10次纵跳,compensated,raw_triplet,2,3.601266800,3.897436700,4.283347900,0.296169900,0.385911200
20260624_2_10次纵跳,compensated,raw_triplet,3,4.283347900,4.467819900,4.817269500,0.184472000,0.349449600
20260624_2_10次纵跳,compensated,raw_triplet,4,4.817269500,5.047475500,5.426790700,0.230206000,0.379315200
20260624_2_10次纵跳,compensated,raw_triplet,5,5.426790700,5.597273100,6.003422400,0.170482400,0.406149300
20260624_2_10次纵跳,compensated,raw_triplet,6,6.003422400,6.161267800,6.532321900,0.157845400,0.371054100
20260624_2_10次纵跳,compensated,raw_triplet,7,6.532321900,6.727263800,7.096349600,0.194941900,0.369085800
20260624_2_10次纵跳,compensated,raw_triplet,8,7.096349600,7.283470000,7.665369100,0.187120400,0.381899100
20260624_2_10次纵跳,compensated,raw_triplet,9,7.665369100,7.852847600,8.229597800,0.187478500,0.376750200
20260624_2_10次纵跳,compensated,raw_triplet,10,8.229597800,8.396203100,8.770454600,0.166605300,0.374251500
20260624_2_10次纵跳,touch_associated,production_equivalent,1,3.150229500,3.897436700,4.246281000,0.747207200,0.348844300
20260624_2_10次纵跳,touch_associated,production_equivalent,2,4.246281000,4.467819900,4.801243300,0.221538900,0.333423400
20260624_2_10次纵跳,touch_associated,production_equivalent,3,4.801243300,5.047475500,5.370872900,0.246232200,0.323397400
20260624_2_10次纵跳,touch_associated,production_equivalent,4,5.370872900,5.597273100,5.943911600,0.226400200,0.346638500
20260624_2_10次纵跳,touch_associated,production_equivalent,5,5.943911600,6.161267800,6.511172800,0.217356200,0.349905000
20260624_2_10次纵跳,touch_associated,production_equivalent,6,6.511172800,6.727263800,7.085232100,0.216091000,0.357968300
20260624_2_10次纵跳,touch_associated,production_equivalent,7,7.085232100,7.283470000,7.635269600,0.198237900,0.351799600
20260624_2_10次纵跳,touch_associated,production_equivalent,8,7.635269600,7.852847600,8.204324700,0.217578000,0.351477100
20260624_2_10次纵跳,touch_associated,production_equivalent,9,8.204324700,8.396203100,8.742316000,0.191878400,0.346112900
20260624_2_10次纵跳,touch_associated,production_equivalent,10,8.742316000,8.946885700,,0.204569700,
20260624_2_10次纵跳,touch_associated,raw_triplet,1,3.150229500,3.897436700,4.246281000,0.747207200,0.348844300
20260624_2_10次纵跳,touch_associated,raw_triplet,2,4.246281000,4.467819900,4.801243300,0.221538900,0.333423400
20260624_2_10次纵跳,touch_associated,raw_triplet,3,4.801243300,5.047475500,5.370872900,0.246232200,0.323397400
20260624_2_10次纵跳,touch_associated,raw_triplet,4,5.370872900,5.597273100,5.943911600,0.226400200,0.346638500
20260624_2_10次纵跳,touch_associated,raw_triplet,5,5.943911600,6.161267800,6.511172800,0.217356200,0.349905000
20260624_2_10次纵跳,touch_associated,raw_triplet,6,6.511172800,6.727263800,7.085232100,0.216091000,0.357968300
20260624_2_10次纵跳,touch_associated,raw_triplet,7,7.085232100,7.283470000,7.635269600,0.198237900,0.351799600
20260624_2_10次纵跳,touch_associated,raw_triplet,8,7.635269600,7.852847600,8.204324700,0.217578000,0.351477100
20260624_2_10次纵跳,touch_associated,raw_triplet,9,8.204324700,8.396203100,8.742316000,0.191878400,0.346112900
20260624_2_10次纵跳,lift_associated,production_equivalent,1,3.601266800,3.898420100,3.601266800,0.297153300,0.010043500
20260624_2_10次纵跳,lift_associated,production_equivalent,2,4.283347900,4.468408000,4.283347900,0.185060100,0.384927800
20260624_2_10次纵跳,lift_associated,production_equivalent,3,4.817269500,5.048871500,4.817269500,0.231602000,0.348861500
20260624_2_10次纵跳,lift_associated,production_equivalent,4,5.426790700,5.598255800,5.426790700,0.171465100,0.377919200
20260624_2_10次纵跳,lift_associated,production_equivalent,5,6.003422400,6.163636800,6.003422400,0.160214400,0.405166600
20260624_2_10次纵跳,lift_associated,production_equivalent,6,6.532321900,6.728797500,6.532321900,0.196475600,0.368685100
20260624_2_10次纵跳,lift_associated,production_equivalent,7,7.096349600,7.285665900,7.096349600,0.189316300,0.367552100
20260624_2_10次纵跳,lift_associated,production_equivalent,8,7.665369100,7.853409500,7.665369100,0.188040400,0.379703200
20260624_2_10次纵跳,lift_associated,production_equivalent,9,8.229597800,8.397466500,8.229597800,0.167868700,0.376188300
20260624_2_10次纵跳,lift_associated,production_equivalent,10,8.770454600,8.949313700,8.770454600,0.178859100,0.372988100
20260624_2_10次纵跳,lift_associated,raw_triplet,1,3.579391600,3.591223300,3.601266800,0.011831700,0.010043500
20260624_2_10次纵跳,lift_associated,raw_triplet,2,3.601266800,3.898420100,4.283347900,0.297153300,0.384927800
20260624_2_10次纵跳,lift_associated,raw_triplet,3,4.283347900,4.468408000,4.817269500,0.185060100,0.348861500
20260624_2_10次纵跳,lift_associated,raw_triplet,4,4.817269500,5.048871500,5.426790700,0.231602000,0.377919200
20260624_2_10次纵跳,lift_associated,raw_triplet,5,5.426790700,5.598255800,6.003422400,0.171465100,0.405166600
20260624_2_10次纵跳,lift_associated,raw_triplet,6,6.003422400,6.163636800,6.532321900,0.160214400,0.368685100
20260624_2_10次纵跳,lift_associated,raw_triplet,7,6.532321900,6.728797500,7.096349600,0.196475600,0.367552100
20260624_2_10次纵跳,lift_associated,raw_triplet,8,7.096349600,7.285665900,7.665369100,0.189316300,0.379703200
20260624_2_10次纵跳,lift_associated,raw_triplet,9,7.665369100,7.853409500,8.229597800,0.188040400,0.376188300
20260624_2_10次纵跳,lift_associated,raw_triplet,10,8.229597800,8.397466500,8.770454600,0.167868700,0.372988100
20260624_2_10次纵跳,associated,production_equivalent,1,3.150229500,3.898420100,4.246281000,0.748190600,0.347860900
20260624_2_10次纵跳,associated,production_equivalent,2,4.246281000,4.468408000,4.801243300,0.222127000,0.332835300
20260624_2_10次纵跳,associated,production_equivalent,3,4.801243300,5.048871500,5.370872900,0.247628200,0.322001400
20260624_2_10次纵跳,associated,production_equivalent,4,5.370872900,5.598255800,5.943911600,0.227382900,0.345655800
20260624_2_10次纵跳,associated,production_equivalent,5,5.943911600,6.163636800,6.511172800,0.219725200,0.347536000
20260624_2_10次纵跳,associated,production_equivalent,6,6.511172800,6.728797500,7.085232100,0.217624700,0.356434600
20260624_2_10次纵跳,associated,production_equivalent,7,7.085232100,7.285665900,7.635269600,0.200433800,0.349603700
20260624_2_10次纵跳,associated,production_equivalent,8,7.635269600,7.853409500,8.204324700,0.218139900,0.350915200
20260624_2_10次纵跳,associated,production_equivalent,9,8.204324700,8.397466500,8.742316000,0.193141800,0.344849500
20260624_2_10次纵跳,associated,production_equivalent,10,8.742316000,8.949313700,,0.206997700,
20260624_2_10次纵跳,associated,raw_triplet,1,3.150229500,3.898420100,4.246281000,0.748190600,0.347860900
20260624_2_10次纵跳,associated,raw_triplet,2,4.246281000,4.468408000,4.801243300,0.222127000,0.332835300
20260624_2_10次纵跳,associated,raw_triplet,3,4.801243300,5.048871500,5.370872900,0.247628200,0.322001400
20260624_2_10次纵跳,associated,raw_triplet,4,5.370872900,5.598255800,5.943911600,0.227382900,0.345655800
20260624_2_10次纵跳,associated,raw_triplet,5,5.943911600,6.163636800,6.511172800,0.219725200,0.347536000
20260624_2_10次纵跳,associated,raw_triplet,6,6.511172800,6.728797500,7.085232100,0.217624700,0.356434600
20260624_2_10次纵跳,associated,raw_triplet,7,7.085232100,7.285665900,7.635269600,0.200433800,0.349603700
20260624_2_10次纵跳,associated,raw_triplet,8,7.635269600,7.853409500,8.204324700,0.218139900,0.350915200
20260624_2_10次纵跳,associated,raw_triplet,9,8.204324700,8.397466500,8.742316000,0.193141800,0.344849500
20260624_2_10次纵跳,onset,production_equivalent,1,3.592221500,3.897436700,3.592221500,0.305215200,0.001930400
20260624_2_10次纵跳,onset,production_equivalent,2,4.247383900,4.467819900,4.247383900,0.220436000,0.349947200
20260624_2_10次纵跳,onset,production_equivalent,3,4.801243300,5.047475500,4.801243300,0.246232200,0.333423400
20260624_2_10次纵跳,onset,production_equivalent,4,5.370872900,5.597273100,5.370872900,0.226400200,0.323397400
20260624_2_10次纵跳,onset,production_equivalent,5,5.943911600,6.161267800,5.943911600,0.217356200,0.346638500
20260624_2_10次纵跳,onset,production_equivalent,6,6.512194500,6.727263800,6.512194500,0.215069300,0.350926700
20260624_2_10次纵跳,onset,production_equivalent,7,7.077211100,7.283470000,7.077211100,0.206258900,0.349947300
20260624_2_10次纵跳,onset,production_equivalent,8,7.635269600,7.852847600,7.635269600,0.217578000,0.351799600
20260624_2_10次纵跳,onset,production_equivalent,9,8.204324700,8.396203100,8.204324700,0.191878400,0.351477100
20260624_2_10次纵跳,onset,production_equivalent,10,8.742316000,8.946885700,8.742316000,0.204569700,0.346112900
20260624_2_10次纵跳,onset,raw_triplet,1,3.569252600,3.590291100,3.592221500,0.021038500,0.001930400
20260624_2_10次纵跳,onset,raw_triplet,2,3.592221500,3.897436700,4.247383900,0.305215200,0.349947200
20260624_2_10次纵跳,onset,raw_triplet,3,4.247383900,4.467819900,4.801243300,0.220436000,0.333423400
20260624_2_10次纵跳,onset,raw_triplet,4,4.801243300,5.047475500,5.370872900,0.246232200,0.323397400
20260624_2_10次纵跳,onset,raw_triplet,5,5.370872900,5.597273100,5.943911600,0.226400200,0.346638500
20260624_2_10次纵跳,onset,raw_triplet,6,5.943911600,6.161267800,6.512194500,0.217356200,0.350926700
20260624_2_10次纵跳,onset,raw_triplet,7,6.512194500,6.727263800,7.077211100,0.215069300,0.349947300
20260624_2_10次纵跳,onset,raw_triplet,8,7.077211100,7.283470000,7.635269600,0.206258900,0.351799600
20260624_2_10次纵跳,onset,raw_triplet,9,7.635269600,7.852847600,8.204324700,0.217578000,0.351477100
20260624_2_10次纵跳,onset,raw_triplet,10,8.204324700,8.396203100,8.742316000,0.191878400,0.346112900
20260624_3_垂直方向10次纵跳,current,production_equivalent,1,4.519910100,4.717914000,4.519910100,0.198003900,0.511008000
20260624_3_垂直方向10次纵跳,current,production_equivalent,2,5.160899100,5.467945000,5.160899100,0.307045900,0.442985100
20260624_3_垂直方向10次纵跳,current,production_equivalent,3,5.978033200,6.270865800,5.978033200,0.292832600,0.510088200
20260624_3_垂直方向10次纵跳,current,production_equivalent,4,6.783862300,7.082918200,6.783862300,0.299055900,0.512996500
20260624_3_垂直方向10次纵跳,current,production_equivalent,5,7.613926500,7.881376400,7.613926500,0.267449900,0.531008300
20260624_3_垂直方向10次纵跳,current,production_equivalent,6,8.415891800,8.634902300,8.415891800,0.219010500,0.534515400
20260624_3_垂直方向10次纵跳,current,production_equivalent,7,9.141894600,9.275892800,9.141894600,0.133998200,0.506992300
20260624_3_垂直方向10次纵跳,current,production_equivalent,8,9.797922100,9.971875300,9.797922100,0.173953200,0.522029300
20260624_3_垂直方向10次纵跳,current,production_equivalent,9,10.481951600,10.721588800,10.481951600,0.239637200,0.510076300
20260624_3_垂直方向10次纵跳,current,production_equivalent,10,,10.721588800,11.265893700,,0.544304900
20260624_3_垂直方向10次纵跳,current,raw_triplet,1,3.135822200,4.008902100,4.519910100,0.873079900,0.511008000
20260624_3_垂直方向10次纵跳,current,raw_triplet,2,4.519910100,4.717914000,5.160899100,0.198003900,0.442985100
20260624_3_垂直方向10次纵跳,current,raw_triplet,3,5.160899100,5.467945000,5.978033200,0.307045900,0.510088200
20260624_3_垂直方向10次纵跳,current,raw_triplet,4,5.978033200,6.270865800,6.783862300,0.292832600,0.512996500
20260624_3_垂直方向10次纵跳,current,raw_triplet,5,6.783862300,7.082918200,7.613926500,0.299055900,0.531008300
20260624_3_垂直方向10次纵跳,current,raw_triplet,6,7.613926500,7.881376400,8.415891800,0.267449900,0.534515400
20260624_3_垂直方向10次纵跳,current,raw_triplet,7,8.415891800,8.634902300,9.141894600,0.219010500,0.506992300
20260624_3_垂直方向10次纵跳,current,raw_triplet,8,9.141894600,9.275892800,9.797922100,0.133998200,0.522029300
20260624_3_垂直方向10次纵跳,current,raw_triplet,9,9.797922100,9.971875300,10.481951600,0.173953200,0.510076300
20260624_3_垂直方向10次纵跳,current,raw_triplet,10,10.481951600,10.721588800,11.265893700,0.239637200,0.544304900
20260624_3_垂直方向10次纵跳,compensated,production_equivalent,1,4.518918800,4.716918400,4.518918800,0.197999600,0.510964900
20260624_3_垂直方向10次纵跳,compensated,production_equivalent,2,5.159902200,5.466896700,5.159902200,0.306994500,0.442983800
20260624_3_垂直方向10次纵跳,compensated,production_equivalent,3,5.977137200,6.269866900,5.977137200,0.292729700,0.510240500
20260624_3_垂直方向10次纵跳,compensated,production_equivalent,4,6.782869400,7.081972600,6.782869400,0.299103200,0.513002500
20260624_3_垂直方向10次纵跳,compensated,production_equivalent,5,7.613627800,7.880101200,7.613627800,0.266473400,0.531655200
20260624_3_垂直方向10次纵跳,compensated,production_equivalent,6,8.414965100,8.633892800,8.414965100,0.218927700,0.534863900
20260624_3_垂直方向10次纵跳,compensated,production_equivalent,7,9.140893600,9.274892100,9.140893600,0.133998500,0.507000800
20260624_3_垂直方向10次纵跳,compensated,production_equivalent,8,9.796897700,9.970875500,9.796897700,0.173977800,0.522005600
20260624_3_垂直方向10次纵跳,compensated,production_equivalent,9,10.481142400,10.720362400,10.481142400,0.239220000,0.510266900
20260624_3_垂直方向10次纵跳,compensated,production_equivalent,10,,10.720362400,11.264900400,,0.544538000
20260624_3_垂直方向10次纵跳,compensated,raw_triplet,1,3.133956500,4.007953900,4.518918800,0.873997400,0.510964900
20260624_3_垂直方向10次纵跳,compensated,raw_triplet,2,4.518918800,4.716918400,5.159902200,0.197999600,0.442983800
20260624_3_垂直方向10次纵跳,compensated,raw_triplet,3,5.159902200,5.466896700,5.977137200,0.306994500,0.510240500
20260624_3_垂直方向10次纵跳,compensated,raw_triplet,4,5.977137200,6.269866900,6.782869400,0.292729700,0.513002500
20260624_3_垂直方向10次纵跳,compensated,raw_triplet,5,6.782869400,7.081972600,7.613627800,0.299103200,0.531655200
20260624_3_垂直方向10次纵跳,compensated,raw_triplet,6,7.613627800,7.880101200,8.414965100,0.266473400,0.534863900
20260624_3_垂直方向10次纵跳,compensated,raw_triplet,7,8.414965100,8.633892800,9.140893600,0.218927700,0.507000800
20260624_3_垂直方向10次纵跳,compensated,raw_triplet,8,9.140893600,9.274892100,9.796897700,0.133998500,0.522005600
20260624_3_垂直方向10次纵跳,compensated,raw_triplet,9,9.796897700,9.970875500,10.481142400,0.173977800,0.510266900
20260624_3_垂直方向10次纵跳,compensated,raw_triplet,10,10.481142400,10.720362400,11.264900400,0.239220000,0.544538000
20260624_3_垂直方向10次纵跳,touch_associated,production_equivalent,1,4.421929900,4.716918400,4.421929900,0.294988500,0.413976000
20260624_3_垂直方向10次纵跳,touch_associated,production_equivalent,2,5.085902900,5.466896700,5.085902900,0.380993800,0.368984500
20260624_3_垂直方向10次纵跳,touch_associated,production_equivalent,3,5.884915900,6.269866900,5.884915900,0.384951000,0.418019200
20260624_3_垂直方向10次纵跳,touch_associated,production_equivalent,4,6.689887200,7.081972600,6.689887200,0.392085400,0.420020300
20260624_3_垂直方向10次纵跳,touch_associated,production_equivalent,5,7.518001100,7.880101200,7.518001100,0.362100100,0.436028500
20260624_3_垂直方向10次纵跳,touch_associated,production_equivalent,6,8.300996100,8.633892800,8.300996100,0.332896700,0.420894900
20260624_3_垂直方向10次纵跳,touch_associated,production_equivalent,7,9.032874500,9.274892100,9.032874500,0.242017600,0.398981700
20260624_3_垂直方向10次纵跳,touch_associated,production_equivalent,8,9.709022000,9.970875500,9.709022000,0.261853500,0.434129900
20260624_3_垂直方向10次纵跳,touch_associated,production_equivalent,9,10.387877300,10.720362400,10.387877300,0.332485100,0.417001800
20260624_3_垂直方向10次纵跳,touch_associated,production_equivalent,10,,10.720362400,11.156897000,,0.436534600
20260624_3_垂直方向10次纵跳,touch_associated,raw_triplet,1,2.998900400,4.007953900,4.421929900,1.009053500,0.413976000
20260624_3_垂直方向10次纵跳,touch_associated,raw_triplet,2,4.421929900,4.716918400,5.085902900,0.294988500,0.368984500
20260624_3_垂直方向10次纵跳,touch_associated,raw_triplet,3,5.085902900,5.466896700,5.884915900,0.380993800,0.418019200
20260624_3_垂直方向10次纵跳,touch_associated,raw_triplet,4,5.884915900,6.269866900,6.689887200,0.384951000,0.420020300
20260624_3_垂直方向10次纵跳,touch_associated,raw_triplet,5,6.689887200,7.081972600,7.518001100,0.392085400,0.436028500
20260624_3_垂直方向10次纵跳,touch_associated,raw_triplet,6,7.518001100,7.880101200,8.300996100,0.362100100,0.420894900
20260624_3_垂直方向10次纵跳,touch_associated,raw_triplet,7,8.300996100,8.633892800,9.032874500,0.332896700,0.398981700
20260624_3_垂直方向10次纵跳,touch_associated,raw_triplet,8,9.032874500,9.274892100,9.709022000,0.242017600,0.434129900
20260624_3_垂直方向10次纵跳,touch_associated,raw_triplet,9,9.709022000,9.970875500,10.387877300,0.261853500,0.417001800
20260624_3_垂直方向10次纵跳,touch_associated,raw_triplet,10,10.387877300,10.720362400,11.156897000,0.332485100,0.436534600
20260624_3_垂直方向10次纵跳,lift_associated,production_equivalent,1,4.518918800,4.717914000,4.518918800,0.198995200,0.510016700
20260624_3_垂直方向10次纵跳,lift_associated,production_equivalent,2,5.159902200,5.467945000,5.159902200,0.308042800,0.441988200
20260624_3_垂直方向10次纵跳,lift_associated,production_equivalent,3,5.977137200,6.270865800,5.977137200,0.293728600,0.509192200
20260624_3_垂直方向10次纵跳,lift_associated,production_equivalent,4,6.782869400,7.082918200,6.782869400,0.300048800,0.512003600
20260624_3_垂直方向10次纵跳,lift_associated,production_equivalent,5,7.613627800,7.881376400,7.613627800,0.267748600,0.530709600
20260624_3_垂直方向10次纵跳,lift_associated,production_equivalent,6,8.414965100,8.634902300,8.414965100,0.219937200,0.533588700
20260624_3_垂直方向10次纵跳,lift_associated,production_equivalent,7,9.140893600,9.275892800,9.140893600,0.134999200,0.505991300
20260624_3_垂直方向10次纵跳,lift_associated,production_equivalent,8,9.796897700,9.971875300,9.796897700,0.174977600,0.521004900
20260624_3_垂直方向10次纵跳,lift_associated,production_equivalent,9,10.481142400,10.721588800,10.481142400,0.240446400,0.509267100
20260624_3_垂直方向10次纵跳,lift_associated,production_equivalent,10,,10.721588800,11.264900400,,0.543311600
20260624_3_垂直方向10次纵跳,lift_associated,raw_triplet,1,3.133956500,4.008902100,4.518918800,0.874945600,0.510016700
20260624_3_垂直方向10次纵跳,lift_associated,raw_triplet,2,4.518918800,4.717914000,5.159902200,0.198995200,0.441988200
20260624_3_垂直方向10次纵跳,lift_associated,raw_triplet,3,5.159902200,5.467945000,5.977137200,0.308042800,0.509192200
20260624_3_垂直方向10次纵跳,lift_associated,raw_triplet,4,5.977137200,6.270865800,6.782869400,0.293728600,0.512003600
20260624_3_垂直方向10次纵跳,lift_associated,raw_triplet,5,6.782869400,7.082918200,7.613627800,0.300048800,0.530709600
20260624_3_垂直方向10次纵跳,lift_associated,raw_triplet,6,7.613627800,7.881376400,8.414965100,0.267748600,0.533588700
20260624_3_垂直方向10次纵跳,lift_associated,raw_triplet,7,8.414965100,8.634902300,9.140893600,0.219937200,0.505991300
20260624_3_垂直方向10次纵跳,lift_associated,raw_triplet,8,9.140893600,9.275892800,9.796897700,0.134999200,0.521004900
20260624_3_垂直方向10次纵跳,lift_associated,raw_triplet,9,9.796897700,9.971875300,10.481142400,0.174977600,0.509267100
20260624_3_垂直方向10次纵跳,lift_associated,raw_triplet,10,10.481142400,10.721588800,11.264900400,0.240446400,0.543311600
20260624_3_垂直方向10次纵跳,associated,production_equivalent,1,4.421929900,4.717914000,4.421929900,0.295984100,0.413027800
20260624_3_垂直方向10次纵跳,associated,production_equivalent,2,5.085902900,5.467945000,5.085902900,0.382042100,0.367988900
20260624_3_垂直方向10次纵跳,associated,production_equivalent,3,5.884915900,6.270865800,5.884915900,0.385949900,0.416970900
20260624_3_垂直方向10次纵跳,associated,production_equivalent,4,6.689887200,7.082918200,6.689887200,0.393031000,0.419021400
20260624_3_垂直方向10次纵跳,associated,production_equivalent,5,7.518001100,7.881376400,7.518001100,0.363375300,0.435082900
20260624_3_垂直方向10次纵跳,associated,production_equivalent,6,8.300996100,8.634902300,8.300996100,0.333906200,0.419619700
20260624_3_垂直方向10次纵跳,associated,production_equivalent,7,9.032874500,9.275892800,9.032874500,0.243018300,0.397972200
20260624_3_垂直方向10次纵跳,associated,production_equivalent,8,9.709022000,9.971875300,9.709022000,0.262853300,0.433129200
20260624_3_垂直方向10次纵跳,associated,production_equivalent,9,10.387877300,10.721588800,10.387877300,0.333711500,0.416002000
20260624_3_垂直方向10次纵跳,associated,production_equivalent,10,,10.721588800,11.156897000,,0.435308200
20260624_3_垂直方向10次纵跳,associated,raw_triplet,1,2.998900400,4.008902100,4.421929900,1.010001700,0.413027800
20260624_3_垂直方向10次纵跳,associated,raw_triplet,2,4.421929900,4.717914000,5.085902900,0.295984100,0.367988900
20260624_3_垂直方向10次纵跳,associated,raw_triplet,3,5.085902900,5.467945000,5.884915900,0.382042100,0.416970900
20260624_3_垂直方向10次纵跳,associated,raw_triplet,4,5.884915900,6.270865800,6.689887200,0.385949900,0.419021400
20260624_3_垂直方向10次纵跳,associated,raw_triplet,5,6.689887200,7.082918200,7.518001100,0.393031000,0.435082900
20260624_3_垂直方向10次纵跳,associated,raw_triplet,6,7.518001100,7.881376400,8.300996100,0.363375300,0.419619700
20260624_3_垂直方向10次纵跳,associated,raw_triplet,7,8.300996100,8.634902300,9.032874500,0.333906200,0.397972200
20260624_3_垂直方向10次纵跳,associated,raw_triplet,8,9.032874500,9.275892800,9.709022000,0.243018300,0.433129200
20260624_3_垂直方向10次纵跳,associated,raw_triplet,9,9.709022000,9.971875300,10.387877300,0.262853300,0.416002000
20260624_3_垂直方向10次纵跳,associated,raw_triplet,10,10.387877300,10.721588800,11.156897000,0.333711500,0.435308200
20260624_3_垂直方向10次纵跳,onset,production_equivalent,1,4.518918800,4.697938100,4.518918800,0.179019300,0.510964900
20260624_3_垂直方向10次纵跳,onset,production_equivalent,2,5.076901800,5.466896700,5.076901800,0.389994900,0.378963700
20260624_3_垂直方向10次纵跳,onset,production_equivalent,3,5.878906600,6.269866900,5.878906600,0.390960300,0.412009900
20260624_3_垂直方向10次纵跳,onset,production_equivalent,4,6.689887200,7.081972600,6.689887200,0.392085400,0.420020300
20260624_3_垂直方向10次纵跳,onset,production_equivalent,5,7.518001100,7.880101200,7.518001100,0.362100100,0.436028500
20260624_3_垂直方向10次纵跳,onset,production_equivalent,6,8.403842700,8.579011100,8.403842700,0.175168400,0.523741500
20260624_3_垂直方向10次纵跳,onset,production_equivalent,7,9.129913000,9.195761400,9.129913000,0.065848400,0.550901900
20260624_3_垂直方向10次纵跳,onset,production_equivalent,8,9.710366800,9.970875500,9.710366800,0.260508700,0.514605400
20260624_3_垂直方向10次纵跳,onset,production_equivalent,9,10.387877300,10.720362400,10.387877300,0.332485100,0.417001800
20260624_3_垂直方向10次纵跳,onset,production_equivalent,10,,10.720362400,11.257913100,,0.537550700
20260624_3_垂直方向10次纵跳,onset,raw_triplet,1,3.106938900,4.007953900,4.518918800,0.901015000,0.510964900
20260624_3_垂直方向10次纵跳,onset,raw_triplet,2,4.518918800,4.697938100,5.076901800,0.179019300,0.378963700
20260624_3_垂直方向10次纵跳,onset,raw_triplet,3,5.076901800,5.466896700,5.878906600,0.389994900,0.412009900
20260624_3_垂直方向10次纵跳,onset,raw_triplet,4,5.878906600,6.269866900,6.689887200,0.390960300,0.420020300
20260624_3_垂直方向10次纵跳,onset,raw_triplet,5,6.689887200,7.081972600,7.518001100,0.392085400,0.436028500
20260624_3_垂直方向10次纵跳,onset,raw_triplet,6,7.518001100,7.880101200,8.403842700,0.362100100,0.523741500
20260624_3_垂直方向10次纵跳,onset,raw_triplet,7,8.403842700,8.579011100,9.129913000,0.175168400,0.550901900
20260624_3_垂直方向10次纵跳,onset,raw_triplet,8,9.129913000,9.195761400,9.710366800,0.065848400,0.514605400
20260624_3_垂直方向10次纵跳,onset,raw_triplet,9,9.710366800,9.970875500,10.387877300,0.260508700,0.417001800
20260624_3_垂直方向10次纵跳,onset,raw_triplet,10,10.387877300,10.720362400,11.257913100,0.332485100,0.537550700
